<?xml version="1.0" encoding="UTF-8"?>
<!DOCTYPE sun-web-app PUBLIC "-//Sun Microsystems, Inc.//DTD Application Server 8.1 Servlet 2.4//EN" "http://www.sun.com/software/appserver/dtds/sun-web-app_2_4-1.dtd">
<sun-web-app error-url="">
  <context-root>/Example02</context-root>
  <class-loader delegate="true"/>

  <jsp-config>
    <property name="keepgenerated" value="true">
      <description>Keep a copy of the generated servlet class java code.</description>
    </property>
  </jsp-config>
  
</sun-web-app>
